seqid,subjectid,age,gender,education_yrs,facquisition,fgen,psqi_sleeplatencymin,psqi_hourssleep,psqi_sleepquality
C164,COV164,76,0,12,0.971428571,0.916666667,1,8.5,2
C101,COV101,68,0,12.5,0.914893617,1,1,6.5,2
C123,COV123,82,0,18,0.836065574,0.5,1,6.5,2
C159,COV159,67,0,16,0.623376623,0.25,2,6,3
C208,COV208,73,0,16,0.780821918,0.75,2,7.5,2
C144,COV144,69,0,18,0.646153846,0.75,2,7,3
C370,COV370,74,0,14,0.83,0.75,2.5,4.5,2
C344,COV344,70,0,15,0.820895522,0.5,3,7.5,3
C105,COV105,73,1,16,0.74,0.666666667,3,6.5,1
C096,COV096,70,1,18,0.621621622,0.5,3,4.5,2
C040,COV040,63,1,16,0.768115942,0.666666667,4,6,3
L030,AAL_030,68,0,12,0.868421053,1,5,5.5,2
C140,COV140,69,1,12,0.632911392,0.083333333,5,6,3
C362,COV362,65,0,12,0.84,0.416666667,5,8,2
C163,COV163,79,0,12,0.702970297,0.416666667,5,8,3
C205,COV205,78,0,13,0.803571429,0.5,5,7.5,2
C035,COV035,81,0,14,0.759036145,0.583333333,5,5,2
C167,COV167,73,0,14,0.836065574,0.666666667,5,8.5,2
C085,COV085,66,1,15,0.9,0.333333333,5,7.5,3
C212,COV212,60,0,20,0.820512821,0.25,7,7,2
C127,COV127,64,0,12,0.844444444,1,7.5,5.5,2
C273,COV273,72,1,12,0.730769231,0.25,7.5,8.5,2
C201,COV201,63,1,14,0.872340426,0.416666667,7.5,7.5,2
C165,COV165,73,0,18,0.75,0.5,7.5,5.5,2
C037,COV037,69,1,12,0.674157303,0.5,9,5,1
C330,COV330,82,1,11,0.765306122,0.416666667,10,6,2
C094,COV094,68,0,12,0.764705882,0.916666667,10,4,1
C272,COV272,65,0,12,0.714285714,0.75,10,4.5,2
C320,COV320,74,0,12,0.860759494,0.25,10,6,2
C175,COV175,73,1,12,0.8,1,10,6,1
C068,COV068,62,1,12,0.823529412,0.333333333,10,7,3
C031,COV031,88,1,12,0.582524272,0.5,10,7.5,3
C245,COV245,63,0,14,0.873015873,0.583333333,10,5,2
C282,COV282,63,0,14,0.833,0.25,10,7,2
C185,COV185,75,0,14,0.657407407,0.25,10,7.5,3
C135,COV135,71,0,14,0.933333333,0.416666667,10,8,3
C281,COV281,75,0,14,0.8493150684931506,0.6666666666666666,10,9,2
C317,COV317,70,0,16,0.893,0.833,10,6,2
C197,COV197,83,0,16,0.73255814,0.166666667,10,6.5,2
C335,COV335,67,1,17,0.888888889,0.416666667,10,6,2
C145,COV145,70,1,18,0.8,0.583333333,10,4,1
C211,COV211,64,1,18,0.96,1,10,8.5,2
C392,COV392,72,0,21,0.813559322,0.5,10,5,1
C391,COV391,76,0,21,0.785714286,0.916666667,10,7,3
C136,COV136,73,1,12,1,0.666666667,12.5,4,2
C295,COV295,74,1,12,0.5,0.583333333,12.5,4.5,3
C110,COV110,76,1,16,0.758064516,0.916666667,12.5,7,2
C352,COV352,71,1,16,0.54,0.5,12.5,8,2
C287,COV287,72,0,12,0.615384615,0.5,15,4,1
C291,COV291,64,0,12,0.766233766,0.416666667,15,5.5,2
C309,COV309,62,0,12,0.645454546,0.666666667,15,5.5,1
C203,COV203,70,1,12,0.427083333,0.5,15,6,3
C369,COV369,64,0,12,0.852941177,1,15,6,2
C062,COV062,71,0,12,0.576923077,0.333333333,15,7,2
C213,COV213,80,0,12,0.702970297,0.083333333,15,8,3
C364,COV364,74,0,12,0.55,0.42,15,8,2
C104,COV104,60,0,12,0.711538462,0.583333333,15,9,3
C162,COV162,69,1,13,0.717391304,0.333333333,15,7,3
C112,COV112,63,0,13,0.666666667,0.583333333,15,7,2
C131,COV131,72,1,14,0.677083333,0.583333333,15,6,2
C254,COV254,82,0,14,0.64,0.583333333,15,6,2
C055,COV055,70,0,14,0.87037037,0.333333333,15,7,3
C043,COV043,65,0,14,0.688172043,0.5,15,8,3
C297,COV297,61,1,16,0.8571428571428570,0.9166666666666670,15,4,2
C032,COV032,62,1,16,0.580357143,0.5,15,6,2
C218,COV218,63,0,16,0.891891892,0.75,15,6,2
C064,COV064,80,0,16,0.837837838,1,15,6,2
L039,AAL_039,67,0,16,0.822580645,1,15,6,3
C316,COV316,77,1,16,0.663,0.25,15,7,2
C357,COV357,66,0,16,0.657142857,0.333333333,15,7,2
C194,COV194,73,0,16,0.721649485,1,17.5,6,2
L051,AAL_051,66,0,18,0.830769231,0.333333333,17.5,5.5,2
C345,COV345,66,0,12,0.698113208,0.583333333,20,5,2
C077,COV077,64,0,12,0.829268293,1,20,6,1
C257,COV257,69,1,12,0.721311475,0.416666667,20,7,2
C076,COV076,62,0,12,0.825,1,20,7,1
C351,COV351,62,1,12,0.691666667,0.416666667,20,8,3
C284,COV284,66,0,12,0.325,0.5833333333333334,20,8,3
C346,COV346,65,1,13,0.684210526,0.416666667,20,5,3
C395,COV395,70,0,13,0.663265306,0.5,20,6,3
C113,COV113,77,0,13.5,0.8,0.833333333,20,7,2
C142,COV142,69,1,14,0.597560976,0.916666667,20,5,2
C371,COV371,71,0,14,0.8,0.42,20,8.25,0
C118,COV118,73,0,16,0.724489796,0.5,20,6,2
C147,COV147,76,1,16,0.892857143,1,20,7,3
C199,COV199,70,0,18,0.615384615,0.75,20,6,2
C141,COV141,66,0,12,0.428571429,0.666666667,22.5,6,2
C116,COV116,61,0,12,0.808510638,1,25,6.5,2
C075,COV075,64,0,14,0.491071429,0.416666667,25,4.5,2
C250,COV250,70,0,14,0.695121951,0.5,25,6.5,2
C171,COV171,82,0,16,0.534653465,1,25,7,2
C046,COV046,62,0,10,0.679487179,0.75,30,5,2
C277,COV277,66,0,12,0.5625,0.833333333,30,3.5,0
C334,COV334,70,0,12,0.4,0.5,30,4,3
C139,COV139,65,0,12,0.822222222,0.916666667,30,4,0
C149,COV149,66,0,12,0.866666667,1,30,4.5,1
C182,COV182,76,0,12,0.772727273,1,30,4.5,0
C373,C373,72,0,12,0.68627451,0.333333333,30,5,2
C063,COV063,66,0,12,0.714285714,0.5,30,5,0
C348,COV348,62,1,12,0.767123288,0.583333333,30,5,0
C166,COV166,75,0,12,0.724137931,1,30,5,2
C069,COV069,66,0,12,0.811320755,0.25,30,6,3
C042,COV042,77,0,12,0.607142857,0.416666667,30,6,2
C193,COV193,60,0,12,0.92,0.5,30,6,2
L053,AAL_053,72,0,12,0.696202532,0.333333333,30,6.5,2
C120,COV120,77,0,12,0.824561404,0.5,30,7,2
C048,COV048,71,1,13,0.446428571,0.583333333,30,5.5,2
C307,COV307,68,1,13,0.775,0.833333333,30,6,2
C176,COV176,67,0,13,0.783333333,0.5,30,6.5,3
C114,COV114,68,1,13,0.878787879,0.916666667,30,6.5,1
L022,AAL_022,79,0,13,0.616161616,0.5,30,7,3
C271,COV271,66,1,13,0.732142857,0.416666667,30,7.5,2
C190,COV190,73,0,14,0.867647059,0.916666667,30,4,1
C111,COV111,61,1,14,0.527472527,0.416666667,30,5,2
C060,COV060,70,0,14,0.823529412,0.416666667,30,5,0
C079,COV079,76,0,14,0.775,0.5,30,5,0
C216,COV216,71,0,14,0.75308642,0.666666667,30,6,2
C234,COV234,74,0,14,0.789473684,1,30,6,2
C389,COV389,62,0,14,0.793478261,0.25,30,7,3
C377,COV377,74,1,14,0.822580645,0.583333333,30,7,3
C206,COV206,81,0,14,0.759036145,0.583333333,30,7,2
C154,COV154,84,0,14,0.705882353,0.75,30,7,2
C178,COV178,76,0,14,0.945945946,0.666666667,30,8,3
C407,COV407,74,0,15,0.8,0.666666667,30,7,2
C303,COV303,83,0,15,0.790697674,0.333333333,30,9,2
C289,COV289,76,0,16,0.835294118,0.5,30,4.5,0
C246,COV246,74,0,16,0.680851064,0.75,30,4.5,2
C353,COV353,71,0,16,0.830188679,0.083333333,30,5,2
L041,AAL_041,65,0,16,0.873015873,0.5,30,5,3
C321,COV321,66,1,16,0.734,0.166,30,6,2
C189,COV189,75,0,16,0.708333333,0.416666667,30,6,2
C161,COV161,76,0,16,0.810810811,1,30,6,2
C243,COV243,72,0,16,0.79787234,0.416666667,30,6.5,2
C302,COV302,61,1,16,0.7547169811320755,0.5,30,7,2
C100,COV100,76,0,16,0.410714286,0.75,30,7,3
C318,COV318,67,1,17,0.871,1,30,8,3
C038,COV038,73,0,18,0.878787879,0.416666667,30,6,2
C186,COV186,65,0,18,0.878787879,1,30,6.5,2
C386,COV386,81,0,18,0.606060606,0.416666667,30,7,2
C153,COV153,75,1,20,0.765306122,0.583333333,30,4,2
C054,COV054,72,1,20,0.520833333,0.416666667,30,6,2
C214,COV214,75,0,20,0.672727273,0.5,30,7,2
C074,COV074,70,1,11,0.710280374,0.583333333,35,6.5,2
C404,COV404,65,0,16,0.613207547,0.416666667,35,6.5,2
C244,COV244,62,0,12,0.39166667,0.5,40,8,3
C155,COV155,65,0,14,0.870967742,0.333333333,40,5,2
C082,COV082,79,1,11,0.688679245,0.5,45,6.5,2
C265,COV265,64,1,13,0.837209302,0.166666667,45,4,1
C207,COV207,73,1,13,0.722891566,0.333333333,45,5,2
C383,COV383,60,1,13,0.719626168,0.333333333,45,5,1
C132,COV132,63,0,14,0.527272727,0.416666667,45,5,2
C174,COV174,69,0,14,0.766990291,1,45,5,3
C067,COV067,67,0,16,0.56,0.75,45,7,3
C294,COV294,73,0,18,0.764705882,0.166666667,45,6,2
C200,COV200,73,0,18,0.711538462,0.666666667,45,8,2
C184,COV184,79,0,16,0.651376147,0.416666667,52.5,5.5,2
C332,COV332,65,1,10,0.613207547,0.333333333,60,5,1
C047,COV047,81,0,12,0.517857143,0.333333333,60,4,2
C372,COV372,61,1,12,0.666666667,0.666666667,60,4,3
C072,COV072,64,1,12,0.781818182,0.5,60,5,1
C109,COV109,70,0,12,0.930232558,0.916666667,60,5,0
C119,COV119,61,1,12,0.96,0.166666667,60,6,2
C027,COV027,68,0,12,0.695652174,0.416666667,60,6,2
C363,COV363,71,0,12,0.43,0.25,60,7,2
C129,COV129,65,0,14,0.895833333,0.5,60,6,2
C366,C366,69,1,15,0.731707317,0.5,60,5,1
C124,COV124,69,1,16,0.793650794,1,60,8,2
C168,COV168,75,0,18,0.842105263,1,60,5,0
C084,COV084,68,0,12,0.666666667,1,90,6,1